task_id,execution_time,start_time,end_time
56cc9b874dea46aab997ad80626aee1a,1316.873454,2025-07-01 14:43:05.570715,2025-07-01 15:05:02.444169
34ea073eb36d40bda88207058787fd62,1262.42946,2025-07-01 14:44:03.467757,2025-07-01 15:05:05.897217
71200ffd31814e0c9a2cca07dec3c032,1237.870734,2025-07-01 14:44:31.286308,2025-07-01 15:05:09.157042
1eed97d6b9354a0098492c32bdda3dba,1235.603622,2025-07-01 14:44:36.485599,2025-07-01 15:05:12.089221
b82308f1a18a45cd813322658173bd45,1235.45744,2025-07-01 14:44:39.713958,2025-07-01 15:05:15.171398
70114c8d204a44d0a3a9b094cb28e691,1231.138185,2025-07-01 14:44:47.205884,2025-07-01 15:05:18.344069
09c53ad06e8e4e9dbe7712c1a4ac1772,1227.338929,2025-07-01 14:44:53.985419,2025-07-01 15:05:21.324348
8c4504e5cf064ac8a03ec98075bf0133,1220.246211,2025-07-01 14:45:04.085040,2025-07-01 15:05:24.331251
9cc081fa6e0140cf8acf86afe328f44b,624.440869,2025-07-01 14:43:02.629979,2025-07-01 14:53:27.070848
8833e0f42b79482490bbe34200c33f64,618.578217,2025-07-01 14:43:07.588192,2025-07-01 14:53:26.166409
a02c25843a1a47a5a58195292e9dc613,610.074426,2025-07-01 14:43:14.741659,2025-07-01 14:53:24.816085
77352c5b1a8d44c3bc9d87b4cb4fc148,591.854517,2025-07-01 14:43:36.065537,2025-07-01 14:53:27.920054
2d59f076029644ffbfe5e5b717ca92df,553.043876,2025-07-01 14:44:07.758944,2025-07-01 14:53:20.802820
29063e011fd14a86814c114fee540170,553.96289,2025-07-01 14:44:14.875234,2025-07-01 14:53:28.838124
ac91c33d70294ebd931689e540d94f92,548.680644,2025-07-01 14:44:22.384660,2025-07-01 14:53:31.065304
33a90066146c4352b07f6a9432c184e9,545.30389,2025-07-01 14:44:26.603283,2025-07-01 14:53:31.907173
729019fcc44e46e68b4cbae3d6d0e360,1471.116042,2025-07-01 14:43:04.460953,2025-07-01 15:07:35.576995
01f413fb1bd84db883e1d3d30f555249,1594.993801,2025-07-01 14:43:11.686054,2025-07-01 15:09:46.679855
d339b5d4af9c4dbe8cb007ef4697b251,14.64013,2025-07-01 14:43:58.772263,2025-07-01 14:44:13.412393
f8e482d1f07e45b7a43e62d06b656aa1,7.524517,2025-07-01 14:44:10.498268,2025-07-01 14:44:18.022785
aa321d1d09ad4945af431524bd8d0321,1658.180713,2025-07-01 14:44:19.592839,2025-07-01 15:11:57.773552
11d7020b733040fcb85b018d22e43458,4.299408,2025-07-01 14:44:23.355503,2025-07-01 14:44:27.654911
2b16cadce70b486597a7664fdad64f3d,1780.766378,2025-07-01 14:44:28.062399,2025-07-01 15:14:08.828777
a3a51f5dee5c4c2e9a72e2a29b94f558,581.18559,2025-07-01 14:43:06.262419,2025-07-01 14:52:47.448009
6a3fadffb8964ba5a9101700af119036,507.552556,2025-07-01 14:44:28.427559,2025-07-01 14:52:55.980115
60bbc1ed423e4d4dbecf893bdad3def1,509.144841,2025-07-01 14:44:31.757024,2025-07-01 14:53:00.901865
87f7ef4ebeac46bb83fb8df1aa50b90f,508.444388,2025-07-01 14:44:34.637967,2025-07-01 14:53:03.082355
e456d751a5db453599a7c014df193ac2,508.677454,2025-07-01 14:44:36.818586,2025-07-01 14:53:05.496040
c181b85776ef467384d48e2a70f13e68,507.341189,2025-07-01 14:44:38.833000,2025-07-01 14:53:06.174189
74c7e1578bee49699ffae32535b74933,502.97159,2025-07-01 14:43:06.861010,2025-07-01 14:51:29.832600
60941428c39945f49709e6ee3914c3aa,470.264035,2025-07-01 14:43:18.997113,2025-07-01 14:51:09.261148
9c4bf10f698c46189c16b52b62f7877c,437.168134,2025-07-01 14:43:55.723955,2025-07-01 14:51:12.892089
0c27b6b3ddd7435994d4db9a45cef621,425.514676,2025-07-01 14:44:10.113651,2025-07-01 14:51:15.628327
49d829c2704845e4b4b30cbbc6eb9277,442.870328,2025-07-01 14:44:15.423281,2025-07-01 14:51:38.293609
7f7070e48a96417d9138c9c2fbaf7c34,439.724933,2025-07-01 14:44:22.952274,2025-07-01 14:51:42.677207
01a05ede9dc14a8bbd2196710fb8d553,438.356659,2025-07-01 14:44:27.091039,2025-07-01 14:51:45.447698
e9668c60279846a0b1d5da89f3da22b3,906.737292,2025-07-01 14:43:03.516463,2025-07-01 14:58:10.253755
3ec43e2d642d44a1aa25884c32d289c5,1025.49128,2025-07-01 14:43:15.847914,2025-07-01 15:00:21.339194
3fefce4ca1214adeb3c9c624fc8b2046,1099.644118,2025-07-01 14:44:12.749657,2025-07-01 15:02:32.393775
1e6f8aeb56c44db88befe6a8a98e3618,1221.582213,2025-07-01 14:44:21.794671,2025-07-01 15:04:43.376884
335895f41b8c40c8a41b141cce0d1979,693.736453,2025-07-01 14:44:25.550526,2025-07-01 14:55:59.286979
401236050e784542a2e539899c9f8710,314.912491,2025-07-01 14:43:08.249738,2025-07-01 14:48:23.162229
4e7b615bf48741139a2a57f9adbc8915,306.729211,2025-07-01 14:43:17.267663,2025-07-01 14:48:23.996874
0295eecbfe79422bab8754f6c64ab05f,274.558571,2025-07-01 14:43:50.458823,2025-07-01 14:48:25.017394
33238b0da86245e78de242cd269889df,259.497458,2025-07-01 14:44:06.177712,2025-07-01 14:48:25.675170
6a3afb55691345a7b5055a2845141de3,254.950645,2025-07-01 14:44:11.668046,2025-07-01 14:48:26.618691
df8bdb91b3964cf18ff9c03e5c1189da,238.53582,2025-07-01 14:44:16.837298,2025-07-01 14:48:15.373118
fcd4e7ac0ad247b79d6f2f117d27e666,536.708015,2025-07-01 14:44:35.978137,2025-07-01 14:53:32.686152
548fb0ca8c224457ac3fe1da3106c154,534.111529,2025-07-01 14:44:40.628949,2025-07-01 14:53:34.740478
29e140dfe1dd43518f2d17937fb7aa29,516.588355,2025-07-01 14:45:01.546080,2025-07-01 14:53:38.134435
4b75c1d16502496193ac0e74b3eb6acb,472.868455,2025-07-01 14:45:48.555095,2025-07-01 14:53:41.423550
af8120c8eb804780bc07de1c350ed007,451.220961,2025-07-01 14:46:14.801335,2025-07-01 14:53:46.022296
fa5803fa30ad4335a5da60a7e1039687,425.610833,2025-07-01 14:46:38.826008,2025-07-01 14:53:44.436841
